sample_id,batch_id,reference_measurement_1,reference_measurement_2,reference_measurement_3,reference_measurement_4,reference_measurement_5,reference_measurement_6,phenotype_outcome
B01_S01,batch_01,-1.033999200046321,-0.4129682001573501,-1.0456910916510915,-1.748003201536912,-0.6301547800508138,0.23264936079702586,0
B01_S02,batch_01,0.5812457256602146,1.8743131323461621,-1.4843778256193993,0.7294455175888561,-1.694543864908398,-0.422478549320885,0
B01_S03,batch_01,1.0655956385008112,0.7331947351709128,-0.14431471681043806,0.4533907024936523,-0.5383669704197304,0.334707916549752,0
B01_S04,batch_01,-1.8507220391123762,-2.1029522532623406,0.6629448935301081,-0.21238634380462884,-1.166380116662474,-1.0085397315839555,0
B01_S05,batch_01,-1.5174172133253179,-0.8555578177603576,-1.3173993787669276,0.15219305882826184,-0.3382463345642326,-1.9449181328430243,0
B01_S06,batch_01,0.5494346173485298,0.18847465989597184,-0.8189865616141015,-0.4025057984721664,-0.49848845795859054,-1.1233719741376922,1
B01_S07,batch_01,0.5865496674948696,0.42800534838188126,-1.6765762408809999,-1.9856275512149109,0.2870911406213178,-0.05732713808110301,0
B01_S08,batch_01,-1.3366887094081374,0.08519333907600335,-2.0727180986848275,-1.2982459843729401,-0.6899670469215164,1.0111399136654613,0
B01_S09,batch_01,-1.4242074533360574,0.5982368369031844,-0.12138458801217777,-2.376379146911044,-0.04752780048170113,0.7451656084969578,0
B01_S10,batch_01,-0.12011861990358585,0.8747643696097943,-0.16890500444953027,-0.9712484528283953,-0.9136336305070514,-0.10388217669595406,0
B01_S11,batch_01,-0.5532764440484371,-0.7212471144550059,-0.2675987818766994,-0.10387696725091955,0.30976350300817557,-0.7801940030868965,1
B01_S12,batch_01,2.0099558313592767,-0.732556453441066,-0.5804469090183018,-0.3068623944042619,-2.6372095067562977,-0.782188621895051,1
B01_S13,batch_01,-0.8634304707005864,-1.3348893949444538,-1.4523418268533304,-1.11095632476842,-1.0581860679945947,0.698788765190949,0
B01_S14,batch_01,0.2659492171186803,0.4234335889745924,-1.0357377343127128,-1.0919480385416414,0.1324734256270621,0.2680981633522313,1
B01_S15,batch_01,-1.131118599486859,0.41053941187784043,-0.9923092533208977,-0.7916230916425329,0.09373777479980405,1.2229163982873394,0
B01_S16,batch_01,-1.1187916853114344,1.0161752774591488,-0.4503380705745121,0.7357046165679169,0.24877793811144078,-0.16648253660784235,0
B01_S17,batch_01,1.7888168991194664,-0.3507322169339411,-0.8068327767965838,-2.276242967261981,-1.0068877387365571,-0.13384059194704417,1
B01_S18,batch_01,-0.06340894923233747,-1.2790176102097428,-1.1680513442967269,-0.89232078925555,-0.6443913329399878,1.1217991622504853,0
B02_S01,batch_02,-0.3823266723949026,0.053318095469695875,-0.7358354214164834,-1.5804609066201427,0.5844024925552823,2.148670642168098,0
B02_S02,batch_02,-0.8671950410914315,0.5734552422348878,-0.8552228796215812,-2.2833727220409044,1.270283109584374,1.7043059447712918,0
B02_S03,batch_02,0.5929311724332791,0.3906393422667102,-0.9127240098366607,-0.16660235832191667,-0.9016342587375388,0.5727893537043536,0
B02_S04,batch_02,1.1612349820067882,0.6266398138519134,-0.9399271249290712,-0.5512060849417276,1.7883346308832349,1.153610381875989,0
B02_S05,batch_02,-1.9303057370702776,0.7949269365225813,-2.02038906484763,0.027298673506248594,1.013516571543767,-2.002152016855331,0
B02_S06,batch_02,2.3987456066220414,0.10922766004400206,0.8336331253680452,-1.758959546987123,-0.7496775830526797,1.2488747952919173,1
B02_S07,batch_02,2.0039923682603855,1.491832203231691,-1.548915361698517,-0.03547632501428383,1.3773777359216803,1.553049198431547,1
B02_S08,batch_02,0.2921529319797146,-0.2519134139553023,-0.11897104410330306,-1.8281237882913595,0.3735827281479388,1.3947556323935437,0
B02_S09,batch_02,-0.07296090167247837,1.73710325861424,-1.5973608796736265,-0.39401556821804457,0.2532423847496428,1.1738085755961383,0
B02_S10,batch_02,0.8696215131407833,-0.9674104997925898,-2.4836316871183937,1.8769961323732738,2.0664634374291424,-0.7701156089134367,1
B02_S11,batch_02,-0.3493252860618684,0.27318181532091323,-0.6733500147744309,-0.8767568582982421,1.6655845589572889,-0.25411844545460394,0
B02_S12,batch_02,0.6091401733764641,1.5748786981968443,-3.6638855233915684,0.17820545773691565,0.27890300747544716,1.534925586105719,0
B02_S13,batch_02,-0.08674679800537355,1.2171247172156932,-0.6999338279059176,-0.5252518022435729,-0.36482204545460717,-0.17104198192385878,0
B02_S14,batch_02,-0.32482030226996705,0.11787090750609128,-0.2701305369663435,-1.8487703161632483,-0.31682021119949955,-0.06071758257987636,0
B02_S15,batch_02,-0.06730298470738033,-0.197804665659835,-2.0572599755772054,-0.7488547070494918,0.1767151385025292,0.9433266315617332,0
B02_S16,batch_02,0.01589542689714174,0.6702680509848171,-0.8040685765708986,-2.037392534145,-0.6192272764826346,0.8678239662991883,0
B02_S17,batch_02,1.9124040901836987,0.3163212714350199,-1.9833394846021726,-1.23574685589851,0.3230983503928592,-0.05588681647314364,1
B02_S18,batch_02,-0.18524440817281906,0.34138096236068394,-0.5333750097307193,-0.48641773525975757,1.467573122863029,-1.0993931375770079,0
B03_S01,batch_03,0.489958994441865,0.9312175761150465,-1.8342845512965549,0.7986104190883595,-0.6680835397674448,-0.805258019289901,0
B03_S02,batch_03,0.923890217938613,-1.0443714460776485,0.36199709213343945,1.320452180573164,1.7872653006480927,0.6755010129452279,1
B03_S03,batch_03,-0.5700937728116974,-0.9629072183968862,-0.7452408983556671,-0.538746475144451,0.08085780474551119,1.9325341702376038,1
B03_S04,batch_03,0.3008316330915784,0.05201346626766441,0.24427671786044247,-0.20654758407726057,-1.668237891828229,0.06013907321553147,1
B03_S05,batch_03,0.8592172330161578,0.8608648065650744,-1.8596028418392747,-1.6287146603765272,-0.19316512730497948,0.35355558557908756,0
B03_S06,batch_03,0.7088443632248107,-0.7251944466483952,-1.8011059204822464,-1.190074480598089,1.6443989872133389,-0.5162865941743742,0
B03_S07,batch_03,-0.9484925522025521,0.1238260492646751,-0.15646654760871376,-0.7679157866993671,1.458058681225515,1.4446305339013505,0
B03_S08,batch_03,0.4086586481335351,-0.22650243853997953,-0.9592622341808767,1.113843544992632,0.37752391044957223,0.26035884774214657,1
B03_S09,batch_03,-0.16761222665213446,0.2584442747945336,-0.6526622288400754,0.7825972570190979,-0.03029989182780146,0.33478819300202195,0
B03_S10,batch_03,-1.6359186266044745,0.6921575983857939,-1.7908692811314488,-0.12793478396376054,2.211340650888494,-0.13353936789127813,0
B03_S11,batch_03,1.7661061226231434,-0.18517969154062078,0.7121568880176945,-0.24362764350886265,1.0434197283960485,-0.30757774998758663,1
B03_S12,batch_03,-0.09004688224266251,0.7249395677205221,-1.704456847312465,-1.3529897690586856,1.3791078643527757,0.9547134103907302,0
B03_S13,batch_03,-0.8622799650696722,0.6364205874636659,-0.19257936635037753,-1.8970713676430044,-0.5872308252736232,1.1203628307644566,0
B03_S14,batch_03,1.233144136830427,1.7741862360658638,-1.425024968424117,1.6458079123586593,0.15603211211977652,0.3562962139843567,0
B03_S15,batch_03,1.5625812785879438,0.15241563628139748,-0.15118646909182215,-1.0977309115883958,1.8579373898377636,1.28248652948799,1
B03_S16,batch_03,-1.412338034177615,0.7992900247119662,0.2484435882796302,0.9220575842799675,-1.5322991987560974,1.1631825238950668,0
B03_S17,batch_03,0.048676530787699956,-0.1220442155405965,-1.6991361770495912,0.36234265332051785,2.9975034702367696,1.9436123583186287,1
B03_S18,batch_03,0.7881008319642012,0.09856963938297482,-0.999882176152566,-0.6390392931707487,0.9370051750063362,-0.6236423053138205,0
B04_S01,batch_04,-0.6816057526844443,-0.34937721768646346,1.5629744053716543,0.5107771599025636,0.6626246347586138,0.10700080972552228,1
B04_S02,batch_04,-0.3693371245584217,0.8748017738880975,-0.5203206826846685,2.1743342644394734,-0.4689937000166129,-0.6069581516596034,0
B04_S03,batch_04,-1.5712695839715707,-0.014359629922901185,-1.2987730339559806,0.15557563326807688,-1.3414219033599488,-0.34492025435472295,0
B04_S04,batch_04,-1.6745735909456054,1.974570386563485,-1.2216824195417952,0.8248705983775633,-0.9784641795880868,-0.12311455338290844,0
B04_S05,batch_04,-0.9518707146532402,-1.856542335139989,-0.1947224579108334,1.052501083320082,-0.7725013675007818,-0.8195186221106467,0
B04_S06,batch_04,-0.48927493034419056,0.6173738292010466,-0.8125918149218102,0.03480014429175904,-0.2565141350498025,-1.5095403513623697,0
B04_S07,batch_04,0.3030477104176802,-0.19404225067114717,0.5609913876503889,1.5175179449676406,-0.22606808026744474,-1.9408822207961292,1
B04_S08,batch_04,-1.8429196176496716,-0.7712466767167774,0.9221738918888149,1.910521752631776,0.6265925254707616,-0.5890035498913981,0
B04_S09,batch_04,-0.7851377917070959,-0.10528337615517991,1.3571956451403353,1.276032309138785,0.3844447920231766,-0.20676070614891084,1
B04_S10,batch_04,-1.262010138188033,0.5221014219040667,-0.15234608796438706,0.9194668170399413,-0.7379762891646436,-2.792351282308958,0
B04_S11,batch_04,-0.16706731432584054,-1.7218227292710029,0.9360856081634669,2.3582157395924876,-0.13310223526141135,1.0461746208906255,1
B04_S12,batch_04,-1.0758971620478568,-1.3675471872997966,-0.6172044935749779,1.1944685394686965,-2.2403855015004472,-0.13759245792749353,0
B04_S13,batch_04,-2.814701810772687,-1.4169051855273438,1.0768047896376018,1.4903675932004696,-1.887268151464346,-1.0945294050952739,0
B04_S14,batch_04,-0.6868723312337706,-1.114433054580904,-0.946603320149597,1.2754628964033827,-0.8863160196749595,-0.5830603728141126,0
B04_S15,batch_04,0.08640779948396149,-1.862783008183288,1.1623621483850939,1.9361725105185958,-0.7919864857971894,0.2349014770291168,1
B04_S16,batch_04,-0.40042850424354176,-0.08033451934240843,0.7919121448876666,-0.9224121007011672,-0.30718701279417604,-1.545861939945321,0
B04_S17,batch_04,-2.4012331459138028,-0.4212244896329037,-1.220316976717498,1.3825231100093418,-0.6946221458674324,-0.673843416456432,0
B04_S18,batch_04,-1.9926338577444116,0.40757552894860793,-0.8163769953140475,-0.05825748490732363,-0.2924365011514334,-0.4991460375333502,0
B05_S01,batch_05,0.40842275150018287,-0.5224023397316457,-0.11800945059647994,-0.38651988633871764,-2.1245327936489464,-0.5422152945963605,1
B05_S02,batch_05,-1.2133980079888256,1.1846450316578223,-2.0197870942954066,-1.3387907465672952,0.07689043609951665,0.6768505437103833,0
B05_S03,batch_05,0.6120896855254069,0.08975301486876082,-0.2364274338879587,0.04424536520187805,1.4472657040181884,-0.9790117210733201,0
B05_S04,batch_05,-0.24300206593670948,0.03526441773752664,1.362086170471636,-0.21931706993617933,2.224714251672392,0.09250624025919396,1
B05_S05,batch_05,1.7031970680645252,-1.044721646091415,1.2845563470640502,-0.7920150652425607,-1.1810128691786101,-0.42552731122899434,1
B05_S06,batch_05,0.5043358682235419,-1.3627206352849295,0.994730986121707,-0.6286525848733208,-1.239031903990263,0.2987428006033161,1
B05_S07,batch_05,1.1718501616639978,-0.447658750226693,-0.7589731357259021,-0.5910790859392961,-0.38082463015250634,0.2642775111562501,1
B05_S08,batch_05,0.07244463759708841,0.6483263874763951,-0.567888016319304,-1.7542009990768688,0.2726907208206547,-1.4240010956145572,0
B05_S09,batch_05,0.23457462677239344,0.2504838969365825,0.9158234338703999,-0.6112439319477563,-0.7881187075550505,-0.803198851907629,1
B05_S10,batch_05,1.5283928030321394,1.9784223369892735,-1.1271909013215957,0.7664664383793788,-0.4874059557181738,0.2954929387977744,0
B05_S11,batch_05,0.03732168308915623,-0.5952576686788639,0.2577784293148765,-1.5952349829339052,-0.056754387849757115,0.694580591691144,1
B05_S12,batch_05,0.5840208764882698,2.5164744112298654,-0.755800109703257,0.7079826368851788,-0.6370218095707078,0.39979415269733104,0
B05_S13,batch_05,1.933236983396387,-0.3473493282713179,0.43173836000861365,-0.147796877164019,-0.1661631268788134,-1.00902869164555,1
B05_S14,batch_05,-1.5068559728844428,1.4121519370754498,-0.5159406837474966,-0.7148518981902333,-1.748725251410646,0.9818744744179986,0
B05_S15,batch_05,0.3194413488550268,0.2945425835433759,-0.734796901324666,-0.3257774065535761,0.37210930319534163,0.7233501181594874,0
B05_S16,batch_05,0.38769210802874765,-0.7241341199980638,0.6193255232356984,0.1328161604134378,-0.6911226384148558,-0.04346979991147319,1
B05_S17,batch_05,-0.12521832989959158,0.6038761728148749,-0.7255150100391097,-2.2786745899849,-0.19594170755428586,-0.11453564449456456,0
B05_S18,batch_05,0.934782724941287,2.7450367706695826,0.9360173230289534,-1.2557590448209057,-0.9225815909851935,-1.7965208710548297,1
B06_S01,batch_06,0.381327320832643,0.3263529899711612,-0.02409577455444009,-0.4486089798461624,0.6022544678741905,0.01852524648287375,0
B06_S02,batch_06,-1.9598778984946752,0.44918255892205833,0.30012133784630596,-1.9918249031313175,0.9927088654190719,0.5969910294429931,0
B06_S03,batch_06,-0.8584354629958586,0.11387228560825992,1.4702616960841084,0.0013649191487548062,0.27675989578044324,0.1767767240416683,1
B06_S04,batch_06,-2.6970846445706136,1.3451283683577617,-0.5921876153963403,-0.25579929237526716,-1.0022597417084722,-2.062205404368395,0
B06_S05,batch_06,-2.428061460444906,-0.08932062265679888,-1.2865881951218947,-0.28179372026382704,-0.27741033554117767,1.7118492346481489,0
B06_S06,batch_06,-0.4530776002477881,0.41793958660016606,-1.203510529860897,-1.3305184837057804,-0.6391249222636789,1.7145980718767715,0
B06_S07,batch_06,-0.3875958039758267,-1.4015675098369713,0.13907313662539364,0.0949494982392774,1.6330757166506207,-2.7348025823706186,1
B06_S08,batch_06,-2.0642455776942525,-2.358017165314982,-0.8668046175745217,0.6189327011927357,-1.0028654376234922,-2.3842320285042504,0
B06_S09,batch_06,0.8202216383767382,0.0026638215760295333,0.6992463597070578,-0.1649445290679286,0.9936422496013322,0.5170308464727297,1
B06_S10,batch_06,-0.3897843183758177,0.8987677953502191,-1.3177374065784688,-1.1914825681083756,-0.49356460441919137,0.991417102615982,0
B06_S11,batch_06,-0.35632084461120417,-0.06858646219369097,1.0222523346672152,-1.175761792600796,-0.6000022127350243,-0.7697037118643949,1
B06_S12,batch_06,0.02957349678688606,-0.1687103159538665,0.6791925544699108,-1.1676681915363436,0.3729947655226621,1.065011287030323,1
B06_S13,batch_06,-0.92374122723926,1.4954271433229447,-0.7783951749467071,-1.9751197078675458,-0.39476800878617857,0.35231270870420306,0
B06_S14,batch_06,-0.5047570891780457,-0.04403776692910883,0.34740838863073903,0.29418415250013863,-0.07122896072390802,1.3498945734162593,0
B06_S15,batch_06,-0.3414285246237855,0.9807129961361313,-0.8023066529689904,-0.20163014274765106,-1.356966801142464,-0.8322887337491841,0
B06_S16,batch_06,0.421111236794831,0.37117446955025435,-0.1998267890445831,-0.4547758884178452,0.263508980977711,0.9040624627028174,0
B06_S17,batch_06,-2.2423411412201957,0.1336709117976092,-0.693629592371101,-0.33182322499896466,-1.0091510474209555,1.2060474565719244,0
B06_S18,batch_06,-0.4061401858934476,0.12851513508366716,-0.3282042935246344,-0.6158801623216357,0.7184904910865341,0.6254195457839314,0
B07_S01,batch_07,0.3107577984975654,-0.3187933912229963,0.11282641085528444,0.543171694177105,-0.08672058147333889,-0.20277809075902425,1
B07_S02,batch_07,-0.32238208227105786,-1.167569490315557,0.04403809800582052,0.1984386412174432,-0.917994425396681,-1.6246237725927792,0
B07_S03,batch_07,-0.30160285641993706,-0.9427265131869886,-0.5226973345817812,0.4750841703474446,-0.621271637343118,-1.9645553521361685,0
B07_S04,batch_07,0.557707969929916,-0.6586694553759024,0.6042126525722425,0.7216340885691952,0.506532373564609,-1.6066435002993087,1
B07_S05,batch_07,-0.7129861386725109,-0.04437736279123006,-1.0419141016586284,1.1188045874437402,1.8908200818760907,0.10209927447958544,1
B07_S06,batch_07,-0.8295587695954854,-1.9422569246675367,1.5442767516886207,-0.713336746112744,-0.15373299150798458,0.8387007404202588,1
B07_S07,batch_07,0.7482012740349544,-1.1750466694972215,0.714112482692672,0.7942436490877838,0.34579819705411313,0.09437115239362115,1
B07_S08,batch_07,-1.7372162862042195,-0.36238852755014306,0.2089609166761414,0.520624228924969,0.8902051770063286,0.7062559818868058,0
B07_S09,batch_07,1.1485905947532855,-0.5259811781725856,-0.7889636490399828,1.0219643199222568,0.8580715398268903,-1.3987614126320742,1
B07_S10,batch_07,-1.1856135969695178,-1.2502194760840428,-0.6209176499689193,-0.3539723340261413,-0.20462032205407749,-0.49662525017915504,0
B07_S11,batch_07,-1.5448717228339797,-1.149573335594639,-1.5949335807710194,0.670127390059913,0.32040456235645515,-0.33885443114697783,0
B07_S12,batch_07,0.8486223106956592,-0.9961981289605363,0.3048985760055572,-0.5987138338074471,0.14486934263875234,0.6350819059654643,1
B07_S13,batch_07,2.0464112836287516,-0.10348258538326793,0.018396383851018296,0.37444497441655883,-0.1742611699029466,0.8853712951460911,1
B07_S14,batch_07,0.8508751011739817,-1.8505836071314339,0.6740293247794327,-0.8712588246875206,-0.4131717215657986,-1.6519375829065042,1
B07_S15,batch_07,-1.587528665507868,-0.7984903559190005,-0.7467564603660202,0.34404339655018334,-0.20058318229844108,-1.250379139826373,0
B07_S16,batch_07,0.16696920624471148,-0.6288154939372447,0.35646846344119537,-2.3138266602835045,-1.2020994870689528,0.34692679893933254,1
B07_S17,batch_07,0.35147072509295674,-0.3971210871513141,0.42207593421851836,-1.5884732314543555,-1.2498629898792744,-0.7376105765611678,1
B07_S18,batch_07,1.8212925588488482,-0.22925095008142454,-0.17580227421841424,0.6600457534432311,-0.8085930413711668,-1.4886206806032454,1
B08_S01,batch_08,-0.15311439839182495,0.41961795456427375,-0.9292183697964705,-0.17337855642480166,0.3368486283127731,0.9176866205536336,0
B08_S02,batch_08,0.5694974417332798,-0.2727507846488284,-2.4661754184295317,-0.3603556783269995,0.6367521817416313,1.0662575766734694,0
B08_S03,batch_08,0.6136600118883854,0.7210198610656771,0.25427213497222995,-0.5259571599484092,-1.5665800573731261,-0.19042350709442815,1
B08_S04,batch_08,2.428799469923376,-0.38861827365086515,1.0814989958270955,-0.20399804064597565,-1.681693572122621,0.011412869795489278,1
B08_S05,batch_08,0.8481213927787996,1.059236057039718,0.9261389251347905,1.8712332853166536,-0.4322857634100796,-0.3881840467736586,1
B08_S06,batch_08,2.5249466291159792,0.5449010404854624,0.7962917448085216,-0.6817863695658688,0.41745594231864597,-0.45195042658933504,1
B08_S07,batch_08,1.225977911867534,1.0647973900821404,-0.08094676681814597,1.127224171348599,-1.5674049164420256,0.0724025377015442,1
B08_S08,batch_08,0.061330637249779996,-0.11658462457091184,0.16026147460554993,-0.6830431392985552,-0.16501644225337225,-1.7985333974954458,0
B08_S09,batch_08,0.7398245581047151,-1.2100117777673374,0.8737458558008876,0.5981685668308646,-2.193473945835493,-0.3381402620573723,1
B08_S10,batch_08,0.7895369671395911,0.8382051872495818,0.40243651773188904,-0.29064514863288354,-1.0526166433137023,-0.8696496622448382,1
B08_S11,batch_08,1.2191130980770932,1.3359764432916952,-0.6391855426474989,0.30143203428539667,-2.969553597674595,0.0062285551896927305,0
B08_S12,batch_08,-0.24103569331709235,-0.7919136483804878,-0.5901825178771599,0.001097028725012661,-1.1492724674472676,-0.08828262625424896,1
B08_S13,batch_08,-0.0541867911031062,0.38305534404258124,-1.8177898421466847,-0.7452690208478374,0.45579917927059016,-0.38065862759358515,0
B08_S14,batch_08,0.2712901586065191,1.088068245104457,-0.4831047100778621,-1.6986689011089084,-0.11398821741741932,0.6468828527165504,0
B08_S15,batch_08,0.3778363396146158,-1.6609467481049294,0.5250005365231255,-0.13233485286760355,-0.5825158780680385,-0.7330926959226967,1
B08_S16,batch_08,-1.4133686625372692,0.12043122152405653,0.4706873113627447,-0.6361201084807697,0.9429377638500791,-0.15359140750135214,0
B08_S17,batch_08,0.5216960050385991,-0.5138113365782355,-0.553458704266683,-0.20600369709249383,0.9740274192277834,0.41601783184893476,1
B08_S18,batch_08,0.3742730181794106,0.8897409071636249,-0.29830133922907165,0.8681326854651843,-0.7986095148432627,0.06894693730846185,0
B09_S01,batch_09,0.17489836271123513,0.8367612998305587,-0.9752372762952288,0.8134900934443832,-1.1648513577389814,-0.17357041997616376,0
B09_S02,batch_09,1.3073492399861437,-0.7400432012914377,-2.184056722508398,0.2131383022353337,-0.062188365980740734,0.23239372362422778,1
B09_S03,batch_09,-0.14503987524350948,0.1990320722577228,2.1288041460626532,0.32183392043360515,0.7439736941903993,0.4063013601052298,1
B09_S04,batch_09,0.14428595638803887,0.7133590809285204,-1.308054706365398,0.4376203416676617,-0.3426589660370228,1.6465762783427487,0
B09_S05,batch_09,0.5496999931365227,0.4655657844267985,-1.7620874016826003,-0.054767701865370944,-0.5453975759454381,-1.333058656245026,0
B09_S06,batch_09,1.6658322994496775,-0.3608101909398439,-0.4560887231153005,0.6957876788195692,-1.568777924395173,0.06644996589497074,1
B09_S07,batch_09,-0.13087815327523433,-0.7391658638386087,-1.5466346234344772,0.015200811636239653,0.5713918287639528,-0.3978746140396453,0
B09_S08,batch_09,-0.9276027516543307,-0.8498995163823782,-0.6451422062682222,1.478421941505471,-0.508815942525588,-1.2029152137794756,0
B09_S09,batch_09,-0.05001608585422568,0.37118691542789783,1.6459286562575486,2.568497126050164,2.2025780318960617,-1.405389482398406,1
B09_S10,batch_09,0.3904462795633001,1.0908442412836916,-0.9528103475386271,0.775348292877267,-0.5334775589909693,0.4372583979516256,0
B09_S11,batch_09,-1.1982539664169383,-0.12062742641064,-0.9328508817202683,2.912766232900855,1.004094874382138,3.8412463518109403,0
B09_S12,batch_09,0.34745554900689235,0.12648489224167198,-0.5604272160946548,2.8153957512270944,-1.7736991023777462,-0.02931009956130845,0
B09_S13,batch_09,1.2824085950920059,-0.3169972095777929,0.8500638678038885,-0.11277215715902456,1.7326116363510482,1.3919142692520616,1
B09_S14,batch_09,0.9917222839934697,-0.6224551804756328,0.8184561362173983,0.6560042804741592,0.22785854052631474,0.04647038713847507,1
B09_S15,batch_09,0.2178941422693222,-0.727239537694217,1.1679728176161808,2.1823692170262774,1.6814189713813563,-0.5581853298879214,1
B09_S16,batch_09,0.9632706470494017,0.33694188923493795,-0.22832003802593093,0.2203021506189753,1.418305956512789,1.0373204140500112,1
B09_S17,batch_09,-0.6885165951385471,1.0855102240417043,-1.3867520490958491,1.7884143770508996,1.2418230817521816,0.12471590868967251,0
B09_S18,batch_09,-0.9277993581129719,1.4182908316541023,-0.7012442971718436,-1.011111373374866,0.71764878686114,0.9016771591669955,0
B10_S01,batch_10,-0.3096180593662879,0.613073004568017,-0.6654615396623788,1.1527160095129616,0.03455370487210206,0.2786148294070168,0
B10_S02,batch_10,-1.0793030683129856,-1.4852176788003795,0.0863226387303293,1.4699419344964368,-1.3356342572374695,1.6190167347686275,0
B10_S03,batch_10,-1.119660387250031,0.03909027695011025,1.7349932329229536,1.1962302311402573,-0.24551642007911792,1.1571449384162367,1
B10_S04,batch_10,1.3705547698046938,-1.2241430043380672,-1.9015422439581697,-0.4451137383286019,0.9575425147192801,-0.6410319568473639,1
B10_S05,batch_10,0.18855488432214085,-0.22447170556813395,-0.05481711443821269,-1.3512489488010706,0.5255768308265197,0.8061678231238796,1
B10_S06,batch_10,-0.426214376802036,0.34715370170132104,-1.9507397765595371,0.12481125369179033,-0.35437112415564653,0.834604994978037,0
B10_S07,batch_10,1.5818067124365982,0.8660172322424673,-1.1378757411527698,0.7821709081416667,0.16159537123516024,-0.9692345335129986,0
B10_S08,batch_10,0.004938587078356406,-0.05327311685331132,-2.1827631482117655,-0.5309121495750176,-0.849319454896678,0.7451815928969472,0
B10_S09,batch_10,0.13515053944203478,-0.7121427292193021,-0.5050594695413381,0.467567279000349,0.4006408881839366,0.49676750529383906,0
B10_S10,batch_10,1.2374380996193344,-1.0863142214016521,0.3754676799373834,0.445378520819679,-1.1877450201784683,1.1864147420617241,1
B10_S11,batch_10,0.6645911850467975,-0.6674795526574896,-1.4967088447875292,-0.2555452999642909,-0.021004519012361972,0.9364292971142802,1
B10_S12,batch_10,-0.1582270623579535,-0.18336072420370636,-0.8189352639761998,0.12487805154717771,0.36568489534130233,1.2687258840737876,0
B10_S13,batch_10,-0.03347723643921885,-0.0606346626703233,-1.2142996635508987,2.932619545756217,-1.26173085662867,-0.8714985215864666,0
B10_S14,batch_10,0.6798501410629413,-0.35225984895907647,-1.3877034878691412,1.8065931406433817,-0.5880527233991498,-0.6388867758754273,0
B10_S15,batch_10,0.786881216168395,-0.32148626957204807,0.00751407359063494,-1.1578269847656653,-0.23165233069024668,0.6703432750115779,1
B10_S16,batch_10,-1.2907268621086752,-1.4599324516206438,-1.074779539000318,-1.0994998561213907,-0.576702479498459,2.155587351864211,0
B10_S17,batch_10,-0.8503703815108847,-1.5408256370877214,1.8049287484943908,1.4125832704438042,-0.2846498692790449,0.3428392332950324,1
B10_S18,batch_10,0.4232947717660339,0.47327950175820727,-0.8441095141544914,0.047077437815536055,1.7263691808439732,0.30343471507420605,0
B11_S01,batch_11,0.851483223896393,0.1468702538578154,1.4583603961297589,-1.1318089810250955,0.8054534992766962,0.10922360066795933,1
B11_S02,batch_11,-0.050582743494061,1.2049796195041498,0.42792369539895525,-1.4718235256375294,-1.3670268206678866,-1.1020211943069427,1
B11_S03,batch_11,1.7787381366771187,-0.15929066773402656,0.8351437691676774,0.16156728491067912,-2.0840489482961413,-0.2169840929147415,1
B11_S04,batch_11,-1.9952596076623081,1.0541890858800373,1.150819576559375,-0.7087918802017132,-0.4132371334350801,-0.5185974189957252,0
B11_S05,batch_11,-0.7239957433718506,2.929410622243775,0.9387135805227055,-0.9412136553224708,-0.15720330997486753,0.33400401875618646,0
B11_S06,batch_11,0.35644838026092746,-0.6497678463146813,0.19306155057282864,-0.10495509527065067,-0.978993262147866,-0.37997636042161553,1
B11_S07,batch_11,1.0432530021970385,2.3517926929143638,0.6008588591563625,-0.26032699485104904,-3.427723785806582,-1.6727417271753908,1
B11_S08,batch_11,0.5346521394630599,0.13415708976208468,3.7089480753623296,-0.03332572409489687,0.20906758668061853,-1.7244826404370643,1
B11_S09,batch_11,-0.761666100328698,-0.5882217329113794,1.3416840576250402,1.326734636756855,-0.9267455729339036,0.09748670777086035,0
B11_S10,batch_11,-0.16025356167617827,1.0167448001599468,1.4439196607438014,-1.437490634597771,0.9868049240667778,0.023762873992721728,1
B11_S11,batch_11,-0.11992848360389863,-0.5908178238615036,1.2802719982224888,1.377872896634258,-0.23771022810475123,-1.540815387446664,0
B11_S12,batch_11,-0.3696071813863088,1.1531503560596787,-0.7783528565309761,-0.9285852367990237,0.7948267041105908,-0.7336539113303225,0
B11_S13,batch_11,-0.0851118357845567,-1.98104688605632,-1.4515969549457326,0.04194195949367363,0.4733635906356106,-0.14706029407973836,1
B11_S14,batch_11,1.011764046861214,1.1221270103121805,0.8055578670160619,0.4137043885125247,-0.24210146355641543,0.00010614254298635384,1
B11_S15,batch_11,-1.3021182832427705,0.4982532966389561,1.3898903139661392,-1.7369204153924749,-2.110504115307007,-0.9786037812542006,1
B11_S16,batch_11,0.26637336565290415,0.1836373127580572,0.4303373837425025,0.18181020070768356,2.3342648825047423,2.005060756455301,1
B11_S17,batch_11,-0.7757715136177323,2.1154905964216226,1.1201709446183394,-1.2177019237508164,-1.8745998849658574,-0.8116688873269181,1
B11_S18,batch_11,-0.7609649564573164,-0.4558131453930625,0.7321210049513979,-1.6480905867118765,-2.8288577358764693,-0.2931736079040651,1
B12_S01,batch_12,0.8774271324564604,-0.818926090865731,0.5664187655066972,-0.33943262164202315,0.056451101227544154,1.0559766261135706,1
B12_S02,batch_12,0.2824561870302903,-1.4434554975083156,0.4189224204256366,1.011801296139048,-0.4544038489140113,1.0713546200681234,1
B12_S03,batch_12,0.29563755206834735,-0.7756954953971154,-0.015922375916600034,-0.8094983899484536,1.2534489253542178,0.24166308398899689,1
B12_S04,batch_12,-0.33007319122161316,-2.1036434763382696,0.952995113302922,-0.42748942469675866,0.14613407570084747,1.740958672557713,1
B12_S05,batch_12,-1.046544996092731,-0.5193291411214942,-0.2046153842138841,-0.0012559438437686754,0.7656837903662801,0.34756839397749295,0
B12_S06,batch_12,-0.7890534635809272,0.8536219455835661,0.5665106036545853,0.22336199227769968,-0.7851844920962996,-0.6935415175955937,0
B12_S07,batch_12,-0.9999083710543712,0.1994784395766388,-0.6217525120077484,-0.2672542940029773,0.603607522747875,-0.49250121477869535,0
B12_S08,batch_12,1.98385822802987,0.9109007189408145,-0.10155729383289537,0.14559049087682724,0.6501907582266173,-0.5654246617905873,1
B12_S09,batch_12,-0.32356310116572295,1.4060684687753444,2.0380681550740687,0.08329388992977749,-0.19254477533770764,-1.777137034548638,0
B12_S10,batch_12,0.24684503209310055,-0.47286721412918276,0.4206993274487399,2.3442504405165394,0.45962971919942697,1.3023794694736097,1
B12_S11,batch_12,0.856438610331514,1.1826661542066328,-0.7207076199520619,0.0097150095434127,0.5354056469841864,1.214324535239516,1
B12_S12,batch_12,-0.25069449946195566,0.23930310011349432,-0.839905168797868,-0.6075910236020718,-0.7938690730806779,-0.4706777677382056,0
B12_S13,batch_12,1.158661210305762,-0.13359174223789072,-0.5874789300059711,-0.6207874967986855,-0.2358323689497609,-1.6912517844141652,1
B12_S14,batch_12,1.2653916903607763,-1.5808821245902354,-0.5436420537590942,-1.2829720778955804,0.41622368627339734,0.32624888415740383,1
B12_S15,batch_12,-0.2507484114209798,-0.6156818642010037,1.3200895494732277,0.19992521745646746,0.0002726306432174752,-0.8214759241307332,1
B12_S16,batch_12,-1.797123044195859,-0.9532273825051711,0.263041853498767,-0.3541887918632417,1.0392248591268567,1.357869896579685,0
B12_S17,batch_12,1.243120183089938,0.21144371741189394,1.3289917443459258,-0.4400673121258156,-0.6851306343273014,1.4097298352463787,1
B12_S18,batch_12,1.1227407444787953,0.8261802637893516,0.7969168129027682,-0.9579292816957139,0.14303973503171882,0.018900663034966708,1
B13_S01,batch_13,1.0766315596735319,-0.19106810983721617,-0.738868410229968,0.8680608409487454,-0.6381689392440504,-1.0567905445025174,0
B13_S02,batch_13,0.3785857761659848,0.7650695874205834,1.009656664389415,0.03510980609238812,1.0206699368489285,-0.49713534735969145,0
B13_S03,batch_13,1.1053609323552276,0.1936095894559083,0.18349168815012334,-0.28146270362447556,-0.781837866158857,0.7841236251365844,1
B13_S04,batch_13,0.5965153500838972,-0.5309568043638786,0.1250733235638991,1.7383653891505542,-0.458472368008664,0.254408052894306,1
B13_S05,batch_13,0.8372720335874102,-0.41072608721183335,-0.49482033697919625,1.0536586973143558,0.08326580369270836,0.5007529829945836,1
B13_S06,batch_13,1.0104573738514213,0.9526422102259069,2.851470006520375,-0.596091583681357,-1.11614948313622,0.9604728750463805,1
B13_S07,batch_13,1.0097323665524136,-0.9579539341484116,0.468238312633368,-1.3103077026992744,0.2998499366701616,-0.10785101535884932,1
B13_S08,batch_13,-0.5837970122210178,1.5959076710203797,0.939586174727624,-0.2021707568654032,-0.5730989920183567,-2.127913220805692,0
B13_S09,batch_13,1.2884571758946182,0.6196783672895843,-0.2794787094733425,-0.06951136256650903,-0.01941515255569487,0.4648880983080507,1
B13_S10,batch_13,0.5952147318885913,-0.3478815301038428,1.1485781611239814,-0.17829031609965196,-1.1309474888305733,0.5048665906316476,1
B13_S11,batch_13,0.3688606519824548,-0.2745775311359113,0.8675772279160907,-0.7336734027696166,1.1567962577304458,0.7023929850757007,1
B13_S12,batch_13,1.5379470415367806,1.6365308334534656,-0.09691620946390656,0.019878270177524415,-0.5431449995008225,0.27858800506966896,1
B13_S13,batch_13,0.9736869255546341,0.9491808345218917,-0.6012964597718834,1.3033699305985325,-0.2991825875288479,1.6322156801582257,0
B13_S14,batch_13,1.939484150940899,-1.5902112082210609,0.36312263234962316,1.9175268925182052,0.6901349499516222,-0.803293155104756,1
B13_S15,batch_13,0.6339654678452064,-1.34595046240702,0.9891135750060038,0.7805152158934585,0.29743564614549156,0.0016250502825055219,1
B13_S16,batch_13,1.6519110076940984,0.16591500891617486,1.7360167882796391,1.2577046178047249,0.3669534545120735,-1.1399835385361696,1
B13_S17,batch_13,-0.4091071620304335,-0.540630821035416,0.6221560586935326,-1.6354050603359949,0.38953719617029847,-1.952228659656746,0
B13_S18,batch_13,0.5822544087089352,-0.9060944102215973,-0.8847001200576984,0.4251336385204212,-2.306212511948825,0.6485694615422712,1
B14_S01,batch_14,-0.21018619057343668,-0.8409538477953595,0.366704656412679,0.6819660877896336,0.5646319016197174,-0.7194490093115675,1
B14_S02,batch_14,-1.3873465828025353,-1.4102808813104932,1.9538244859245033,-0.4682263014209223,-0.2844814804568173,-0.0027779438752517094,0
B14_S03,batch_14,1.0996159898790947,-0.11632432350245372,2.914523107623407,-0.5886546509975316,-0.18807683046951879,0.16468388124767608,1
B14_S04,batch_14,-0.14220355311821498,-1.2567451150978157,-0.5508219291251022,-0.6249889943406487,1.4169148940123024,-1.819564100258223,1
B14_S05,batch_14,0.07295149417538475,0.0897354822645443,1.2591265173595503,-2.5885450201108227,0.7850622335062013,-0.7788696642477273,1
B14_S06,batch_14,0.83086353892751,0.5720311862616927,1.2375236622209402,-0.4064588776650671,1.192565813196309,-0.3420899263914776,1
B14_S07,batch_14,-1.1786731077392214,0.29734052434419417,0.13330120810356705,-1.143262365320497,0.0008723426893625374,-1.1555721493314297,0
B14_S08,batch_14,-1.9527385436311462,-0.31310714244971033,1.520400064154189,1.165978854452487,-1.524530686686614,-1.8884452933451954,0
B14_S09,batch_14,0.07350459524698257,-1.2524717646130743,0.8080172904081379,1.9522420864766934,-0.30148962783785793,1.044454263222713,1
B14_S10,batch_14,-0.05284901590028438,-0.14318049665125507,1.2799802773566946,1.3165009998630999,1.5817347023049992,0.39491067647631306,1
B14_S11,batch_14,1.0635458815189762,0.4773722184069265,1.5181854153435697,0.41437290872853566,-0.8404776848443032,-0.015688902218454537,1
B14_S12,batch_14,-0.6690247405205257,-1.1497982042767596,2.4427487274504607,0.09268015586854443,1.2479004926988084,-0.6244528862897647,1
B14_S13,batch_14,0.773391137856581,0.47525334664546853,1.1985673637541416,0.469437445440757,-0.12629548750757463,2.5873453020238157,1
B14_S14,batch_14,-1.1796159370545285,0.33305567082005055,-0.9177958501541088,-0.13418021050642093,0.1658780870820929,-1.3695060911183432,0
B14_S15,batch_14,-0.3236969039573991,1.776343947696285,2.2866677416566903,0.6808391278652688,-0.409012802921513,-1.6759474035763045,0
B14_S16,batch_14,-0.5547968142771518,-1.3610201659702719,0.04146314184319633,0.04512700498851257,0.3303812490919535,-0.8793144015457259,1
B14_S17,batch_14,-0.780315149781771,-1.7612464672962362,-0.3512392710508965,-0.21744600423099042,-0.7446224276959863,-2.312522854271986,0
B14_S18,batch_14,-0.542756194991894,-0.6310928870786675,1.8584537107822556,0.3692093166522565,2.2470597937695764,-0.05137725087892253,1
B15_S01,batch_15,-0.6323671746733267,1.5485093118445703,-1.6161497993872533,0.9413994240787166,-0.658220325447914,-0.5519748392865291,0
B15_S02,batch_15,0.3576831135968286,0.4156159050008458,-0.8089550885022727,-0.11571429177524772,0.3593565608271057,-0.8736781782727472,0
B15_S03,batch_15,1.1760399886576038,0.19197783546190494,-1.3378065879684746,-0.718122642577871,1.0828822877031703,1.3044159423961839,1
B15_S04,batch_15,0.31955304740794854,1.6247409862801874,0.9175914026681881,-1.6695891399287532,-0.2902787710269363,0.48456928419040646,0
B15_S05,batch_15,-1.5602639335186526,-0.2344007130617798,-0.44956964490479134,0.31881581007198656,0.04141359225573438,-2.1841233427799622,0
B15_S06,batch_15,0.7281875912538527,0.4393748683021962,-1.3248352886411672,-0.24772840605113555,1.120402597571548,-0.7018949338813756,0
B15_S07,batch_15,1.1631749044815425,1.8036023390807747,-0.6998317221138503,-0.25483910660326825,1.0941460958256612,0.9775593309961419,0
B15_S08,batch_15,2.4245515091944645,1.240184317679807,1.047516204564551,-2.500671947088115,1.5595343901545604,-0.8621932371688599,1
B15_S09,batch_15,0.48797479884905554,0.7904333443209324,1.8127604671803486,0.03225668356416855,-0.09232525519600066,1.7938125774791782,1
B15_S10,batch_15,-0.28661274017865845,-0.9954518490843842,0.4434413792820825,-1.5847091650721423,0.6329691149189637,0.9966490569996487,1
B15_S11,batch_15,0.47849897104114014,2.2168102623654113,-1.912866177440387,1.4030499653285036,0.9293957779268254,-1.248217824973692,0
B15_S12,batch_15,1.6195265651552249,0.21704936263301078,0.22522401211318133,-0.9879712734564188,0.8734064501358385,-0.49499338740890875,1
B15_S13,batch_15,0.005174915889574194,0.7950981496816196,-2.2786725586460257,-0.25498983323715146,0.7461270555633122,1.0062485287099527,0
B15_S14,batch_15,0.737753286616141,0.16951413512040892,-1.0275583774151436,-2.544895080794344,1.1169471543688967,-1.3444176701005865,0
B15_S15,batch_15,0.39931340791495235,1.5502385623136201,0.5144817040510753,-1.8606695593152724,0.18444302985590386,-0.29096750769228397,0
B15_S16,batch_15,1.767985588430486,1.0488129616680482,-0.6079472984708846,-0.35588142296140796,-1.4772322299340828,3.355728787888306,1
B15_S17,batch_15,-0.06588406629362509,-0.722083137540467,0.7176064660443392,-2.6829028588056856,0.2629764143450292,-1.3282128825574384,0
B15_S18,batch_15,2.0806488745980887,0.5280561532315831,-1.6798405296528063,-0.10320084599094714,0.6211806568080283,0.9083600162126513,1
B16_S01,batch_16,0.9802336483249132,-0.20838895040883637,-0.6134193450867248,-0.9001778315816906,-0.9007991366117112,-1.0114224540354297,1
B16_S02,batch_16,-0.5608937277141204,-2.6413327908063673,1.4078570938064359,0.747006522457669,1.9105896854600353,-0.07581879247800277,1
B16_S03,batch_16,-1.0981052789391128,-1.27520649050064,-1.7562249248373407,-1.6558592832767896,0.3238470871192167,-1.6311232735952292,0
B16_S04,batch_16,-0.7882584250495674,-0.07914835349762878,0.24725999280536393,0.48164722608667865,0.9636379574610392,-2.3779743797793196,0
B16_S05,batch_16,0.2647834903291437,-3.0750206536001374,-0.35759248402024985,-1.1690946147250285,-0.25460511674274,0.2833042765289273,1
B16_S06,batch_16,0.07698963149228005,0.1934145927820332,-1.1892501175172339,-1.514202047670104,1.8717122759097533,-1.0404422383983838,0
B16_S07,batch_16,-0.5119983854044656,-0.6157177766742958,0.21370225619096272,-0.10025351907590152,-1.8226307459500244,1.2961485345748753,0
B16_S08,batch_16,-1.1188789782442807,-2.446022771018289,-0.44403821594846704,-3.1893502069582294,0.769204481239512,-1.6894256124490101,1
B16_S09,batch_16,0.46688299223874213,-0.8405817826140651,0.31252329401204426,-1.5197998601743,2.2126758929546333,-0.1723513941479226,1
B16_S10,batch_16,0.9728737206097888,1.484577571569781,2.116074166637021,-0.8274305556762759,0.2521138434843371,0.7294120100791647,1
B16_S11,batch_16,-0.041429192083392324,-1.3862118875686686,-0.35236740390797094,-0.13774406365845104,-1.3228571755760798,0.7381306418746093,1
B16_S12,batch_16,-0.19658155974539226,-1.4497413760912519,0.9107334815686317,-1.423218091285253,1.506900360771024,-1.166272477428522,1
B16_S13,batch_16,0.06609768263925277,1.6415804300934278,-0.9843592330213576,-0.7894162117583852,-0.7306769616008659,-0.616250452203049,0
B16_S14,batch_16,-1.8731100052906295,1.3566718022421722,-0.12509196010731657,-1.0523030229445276,0.948987193622781,0.8862802559902994,0
B16_S15,batch_16,-0.6724927720572358,-1.3034605746403758,-0.5797228868542319,-1.133619946629123,1.1209443862404898,-0.5892660094783987,0
B16_S16,batch_16,-0.3225723470169225,0.19183546089237435,-0.49288597326473793,-0.33753398009531665,1.3585401005857423,-0.02875330119820538,0
B16_S17,batch_16,1.9460375366965608,-2.422770581306222,1.5298874177004786,0.21039220721805085,0.9490255997262773,1.4275429484288986,1
B16_S18,batch_16,0.18754242339743343,1.6657247162599536,0.04167442396118132,-1.4237418635031056,0.2575720641749907,0.43598881611347606,0
B17_S01,batch_17,-0.13554397840775328,2.633325677266589,0.11126441407217738,1.5830359174998008,-0.21301960624060437,0.9741274775383535,0
B17_S02,batch_17,0.3396247497341643,0.6241685288665324,0.16865064449120215,-0.9086299403196995,0.7261911234181029,0.5632332056822733,0
B17_S03,batch_17,-0.15145503738152127,0.316500665847053,1.842930879398845,0.9230413814719344,-1.646040928607018,-0.4123903695763533,0
B17_S04,batch_17,0.33364238917588984,0.03881151629700862,0.27610790847830324,0.9890618375833679,0.6323692340938056,0.1925301644664667,1
B17_S05,batch_17,0.5537034844896491,0.05167980689952043,0.4170649822877786,1.0676858145888182,0.4715557256048942,-0.5242676577337031,1
B17_S06,batch_17,1.4559378408092574,-0.820921609498506,0.5149924910650348,3.3403920140302703,-0.23939805431464145,-1.2254814845142772,1
B17_S07,batch_17,-1.0151412812270468,-1.7971396055418913,1.841310679546231,1.624773841443722,-0.6807604708726196,-1.487041315196037,1
B17_S08,batch_17,-0.7046648407514815,-1.7489284779435152,0.2121096243118114,-0.46454472644147593,0.39013796397703615,-0.2241063893884228,1
B17_S09,batch_17,0.4940853073878532,-1.105688137538591,1.5727420634519,-1.7954492162108515,-0.795430299821626,-0.2030963352343079,1
B17_S10,batch_17,-0.9419553164610313,-1.5462025684693839,-0.029109533731734583,-0.817811624864457,-0.17052746125380455,0.33292262855392024,1
B17_S11,batch_17,-0.03741210316469723,2.4458753540398104,1.57367493038506,-0.0496372610053466,-0.4748660599258855,-1.476647666421585,0
B17_S12,batch_17,0.07982602237869524,0.26224046285338165,-0.41462927952686335,1.8305753257023918,-1.168389885387777,-1.5025972139388488,0
B17_S13,batch_17,-0.8114202487404796,-0.4485041410598396,-1.0656584472756823,0.8829318341558912,-0.3930569724089965,0.5329799853355186,0
B17_S14,batch_17,1.00412299253576,-3.088598264792877,0.6064625333772435,-0.4639465009175313,0.348800552580563,-0.35407703293274895,1
B17_S15,batch_17,-1.83037441689529,-0.895408499386051,0.26295614979550164,0.2477086046111107,-0.3222837608789737,1.1430376889551712,0
B17_S16,batch_17,0.03691524334619273,-0.9395748212794223,1.60692628740897,-0.07536845659614788,-0.82852240231419,-0.41672326291864864,1
B17_S17,batch_17,1.1402606997591145,-0.5143575250783193,1.0685399612253188,0.7594957577276781,-0.013427437135961506,0.507631399659886,1
B17_S18,batch_17,0.7505704232016202,0.18064243516528178,1.4419936445726966,-0.7817991405550967,1.929322259914319,-0.38869159768196776,1
B18_S01,batch_18,3.0333211144572627,1.7344329389409012,0.47746193456954883,1.9229424238194746,-0.3783658224820161,1.1726716775346588,1
B18_S02,batch_18,-0.9074784208498708,0.8060959329426434,0.44212803814446927,-0.32013392192744367,1.5118417121269014,-0.06263070910760768,0
B18_S03,batch_18,1.2412844644414631,1.3294342395256866,0.53033308039927,0.2956604724737728,1.226526666611167,1.6901061474261834,0
B18_S04,batch_18,0.3781501749356724,0.33601759655374924,-2.5919988241956067,1.681957795097126,0.2958855617897863,0.28631041873833574,0
B18_S05,batch_18,0.013134149377784232,1.4546005382548066,0.8582312321943043,0.933803423530974,-0.07650454213146674,0.07805939289016975,0
B18_S06,batch_18,0.5223371295129536,2.047640222287151,0.6197977652467471,-0.02578806483033108,1.0411189437244124,-1.167897292837786,0
B18_S07,batch_18,1.212393208517742,1.1961694738991209,-0.169325364559344,1.4734093670029558,1.8240653594423588,0.592740116862263,1
B18_S08,batch_18,0.9542782268595894,-0.3401086509669571,-0.7561493453544835,0.04916542925603712,1.764477039360002,-0.011368090958426197,1
B18_S09,batch_18,-0.08266049554878818,0.7770587909761679,-0.10142611801529987,0.017913121643877206,2.1473833168936043,-0.6652236433169819,1
B18_S10,batch_18,0.6645331979473988,-0.3264075950921541,-0.37743748973525854,0.5850337495702322,-0.7256097465098337,-0.5693081875035314,1
B18_S11,batch_18,-0.8053949809494639,-0.9109958153255562,1.5547274303173864,-0.4587561731048713,-0.1791746371895918,2.6576045397720223,1
B18_S12,batch_18,1.135764410249616,0.8976886853167094,0.23027354809930076,2.0922230134524384,0.8421730652005023,-1.4100229789387622,1
B18_S13,batch_18,-0.02585921902333488,0.1852798270767565,0.8728306322631002,-1.0171241098396229,2.3445638128010966,-0.33085246385542866,0
B18_S14,batch_18,2.087513623408835,0.472753922529247,0.6758619777615135,2.5142378789366466,1.5733517058160553,0.29640311394581054,1
B18_S15,batch_18,1.5650331914627986,-0.18319809398811326,0.101523480873815,-0.19728180316077099,1.2338220660725407,-0.3196488879290966,1
B18_S16,batch_18,-0.5970275189792346,1.1673906705570136,1.357138484931165,-0.41888707066445746,-1.5578622340706896,0.8017967057514186,1
B18_S17,batch_18,1.1992295893194176,0.378109800850168,0.08663252233666659,1.6621725126749232,-2.6568958018750597,1.5778637222544452,0
B18_S18,batch_18,1.032810146024038,1.4362246132271002,0.9509782163000822,-0.6638269517136222,1.729349023705815,-1.5590706410215933,1
B19_S01,batch_19,-1.060355088378019,-1.174652363217662,0.436519076894219,-1.2598594347793157,1.6470426129633489,0.24852180906661192,0
B19_S02,batch_19,-1.4980172009573185,-0.9006601392258453,0.020541263244664494,-2.8801758353185165,0.32558413013667864,-1.067491404455978,1
B19_S03,batch_19,1.0658844997375,0.02157678671229235,-0.5472472029073256,0.10036536885574532,1.2122191284428045,-0.08417173210149163,1
B19_S04,batch_19,-0.3546151617985206,-0.41464361645655423,-1.233906814634496,-1.6433110818682406,2.9546301238966413,0.220284655587401,0
B19_S05,batch_19,-2.630222752085623,0.1879031834980538,-0.44236581982492357,-2.8110726310851133,-0.1890226576832934,1.8038102245739178,0
B19_S06,batch_19,0.32951358320143864,-0.10569527104098159,0.6804555811909269,-1.702956664140376,1.8991206804578735,-1.4161570475678364,0
B19_S07,batch_19,1.36096802417649,-1.1972099084642847,-0.9402359796542632,-1.9978807348607455,2.0149474155706457,0.9373897041093713,0
B19_S08,batch_19,-1.796376175265273,-0.8015112205215336,0.11973590797374639,-0.5395360906714318,3.1691226469369056,-0.868744338029212,0
B19_S09,batch_19,-0.664513379999835,1.0773891352592668,-0.7066568822502168,-3.524066635108756,2.712073842605877,-0.5118853142048873,0
B19_S10,batch_19,0.05804954802540552,0.9112937048160896,-0.5454747289607025,0.49978705743236684,1.3568617844540904,-1.6820393253125843,0
B19_S11,batch_19,0.22924886548579454,1.5029047126531099,-0.5461487306347056,-2.896352755200878,0.998063193343835,1.878656610145156,0
B19_S12,batch_19,0.024528381907533314,-0.648315591852439,-0.6232292936710156,-1.4924164490633227,0.3800050714600297,-0.8672591750224633,1
B19_S13,batch_19,-2.283497908367183,0.5596850871692345,-0.24834593694413687,-1.4787949382886094,1.5884773816482127,0.7596555612155563,0
B19_S14,batch_19,-0.534766841181928,-1.0267305592354496,1.3244007169377996,-0.13793864307075476,1.5823006014116583,0.8538800732784193,1
B19_S15,batch_19,-0.8311891738565536,0.9884590737299801,1.3917773130033881,-1.425077480673973,0.8596870106921011,2.148621933029388,0
B19_S16,batch_19,-2.1985343907514414,-2.0730736073621543,0.06762403210010953,-0.24247287159808217,2.3323198357968953,-0.14776608717560313,0
B19_S17,batch_19,-0.4367680445496022,-0.9401101627907327,-0.5620358021100778,-1.386249002378732,2.4942301529818875,-1.3071733259407237,0
B19_S18,batch_19,0.08141071117612164,1.0530218153975892,-0.8440228842808548,0.3873323826781805,1.1850567344014622,-1.5636896100135589,0
B20_S01,batch_20,-1.2673005513076583,-0.5730928826880948,3.6471147274558775,0.48981183235312253,1.6309877691044672,1.560806291034478,1
B20_S02,batch_20,-0.46748859910854523,-0.20736455827882702,0.45974044129038294,-1.3283355632974447,0.9231445757052366,0.8591203723688996,0
B20_S03,batch_20,-1.4017824457484391,0.2477170731855559,-0.6464745878124776,-2.489007558879048,1.4277084570765948,0.655033775559984,0
B20_S04,batch_20,-1.6510316504758007,-0.17557290952363938,0.7420751200643932,0.3627136606269009,1.6625931055023546,-2.4161566595107753,0
B20_S05,batch_20,0.9882386283905353,-1.763350355795,1.7787852833810314,-0.16878612221707362,1.3487597873620556,-0.40783906302516987,1
B20_S06,batch_20,0.6799983198796943,0.5194114259524956,0.8177981801486834,-0.43375418148387435,0.5754187046324106,2.1670275335421576,1
B20_S07,batch_20,-1.0818542604090313,-0.33319974535726793,0.25350971648107656,0.15751306272511292,0.9972076473170828,-0.8171094247874853,0
B20_S08,batch_20,-1.1728341357845236,-0.19908752629493592,-1.0020090664970156,0.6681575128921983,2.426428758298612,1.1508497665356703,0
B20_S09,batch_20,0.4402507146022553,-0.9194286467726869,1.9369304872434792,-0.5478956331787544,1.569138578784959,0.6610417008577993,1
B20_S10,batch_20,-0.2893356846931504,0.5316535042598275,-0.9868095863032433,-0.8450949501636557,-1.3566960407861162,-0.16862602395930015,0
B20_S11,batch_20,-0.5528568678608614,-2.4957095230317794,-0.5161547663373466,0.9522405483252621,0.48513760219229923,1.6983778607224074,1
B20_S12,batch_20,0.412728411443644,-0.9234782151028994,-3.1456958776315993,-1.2169978304025355,1.6618561277558277,-1.484132459302038,0
B20_S13,batch_20,0.5605565822479674,-0.24801661137102046,-1.1279831719404942,-0.2315643172444496,0.8429845036912117,1.947393886748766,0
B20_S14,batch_20,1.5484632803463947,-0.4007358916615136,-0.8814500831672467,0.8176592211298387,0.013504084462443111,-0.33627278874269945,1
B20_S15,batch_20,-1.4993710594579086,-1.068192514672348,-1.1570741586448487,0.5208201464011473,-0.7422676067974516,-0.03140633137632115,0
B20_S16,batch_20,-0.24851278129995857,-0.30308112038873675,0.3325729895803914,0.22777808235274036,-0.004055065330186514,-0.6727442444821603,0
B20_S17,batch_20,-1.0192292234692362,-1.122383944717055,-0.14175799571552353,-1.2827048237229595,2.262402071998922,0.8456220317365319,0
B20_S18,batch_20,-0.8742074647957028,-1.1655146479245766,-0.3687129923319463,-1.8140160761224782,-0.6536455823073526,-1.2887366754904235,0
B21_S01,batch_21,0.4033731156284518,0.24283034946699372,0.42792855026197296,0.026800046255002805,1.385316686621922,0.18617521560780947,0
B21_S02,batch_21,-2.6933155033675558,-1.6204228281608115,-0.38749813182971515,-0.1404124424036931,-1.1004261007455731,2.5630838237230944,0
B21_S03,batch_21,1.0224113386333724,-0.3988567980726275,1.0298233217462287,0.40234012597519386,-0.16699496738448644,0.7896793317070117,1
B21_S04,batch_21,-0.08309980103719461,1.9033387231892727,1.2597244216549954,-0.4462025061026309,0.4218657772774067,0.8452615693831216,0
B21_S05,batch_21,0.3158911374887792,-2.184889895048499,1.6303281172400703,2.032380432688408,0.5403643647818493,-0.8514972729142349,1
B21_S06,batch_21,1.0766498520887762,1.0606518817093726,0.38259797888656616,-1.216173821237842,-1.4201333939347767,0.04915994116252698,1
B21_S07,batch_21,-0.20168855574964667,1.0547646192457723,0.5882324656988165,1.6566886467266397,2.48860898961472,-1.0502058627142474,1
B21_S08,batch_21,-2.0439081791493763,0.30331363161369435,-0.2988956398401499,-0.6578849807941685,0.07210623769468044,0.5543621352489567,0
B21_S09,batch_21,0.09608958585386018,0.45427612939357026,-1.2271779276813064,-0.2868250457583168,-0.3094717879783529,-0.04639081959176705,0
B21_S10,batch_21,-2.333432901868479,-0.7424611939772758,-0.7437955995444017,-0.46226000121583644,0.2529268425488001,-0.33307977318965143,0
B21_S11,batch_21,-0.7881413917605153,-0.3875268566028358,0.7061559767650272,-0.4260148046111013,0.7109960680742906,0.03251531326657697,1
B21_S12,batch_21,-0.681140929228696,0.7492715725669463,2.2720642171451595,-1.1729663846951084,0.524379676181094,-0.9446991233588605,0
B21_S13,batch_21,-1.007609754892201,-0.8979282131678923,0.9407742035396104,0.4609764693651416,0.16409958336084857,0.4376440498134052,1
B21_S14,batch_21,-1.480818724517235,0.3547092802201493,0.4829401164654943,0.38902377875906935,-0.4152555998549146,0.9287351223914115,0
B21_S15,batch_21,-2.1600629550497863,-0.49606782419571854,-0.690791192271877,-2.646536811867153,-0.20667636289624797,-0.8218171702161019,0
B21_S16,batch_21,0.8437527905084484,-0.9331207884441208,1.2338410918847638,-0.24394297610319074,-0.2333852718622505,-1.1632216943398583,1
B21_S17,batch_21,-1.2002889872142517,-0.3716541440790755,0.10091369083914142,2.4293666941059264,0.12614789839348636,-1.462315919526385,0
B21_S18,batch_21,-1.4665679154833866,-0.32464800103462255,-0.7356698929168928,-2.205387739742975,-0.7988605057089784,-1.1590770185446697,0
B22_S01,batch_22,-1.5812977554338885,0.008898448473136006,1.32438539749745,0.681796066969703,-0.10252075183831266,0.32847626334330815,0
B22_S02,batch_22,-0.9324689062500047,-0.23046225630556055,0.4687342912942685,-0.5894291651391281,0.11536934816822608,0.5148037410730142,0
B22_S03,batch_22,-0.5331483142014336,-0.7569379427627984,-0.23562527766656027,-0.7241478587014456,-1.8495493485179506,-0.45769068282487363,1
B22_S04,batch_22,2.7532487703443613,-1.237172121574234,0.4062363959926123,0.2618811877410743,0.48396060904132265,-0.9635834749552064,1
B22_S05,batch_22,-1.043499312704211,-0.14807804663694163,0.32069389511471874,1.2199563871191859,-0.9586744405017711,0.8133811599214558,0
B22_S06,batch_22,-2.5304006298009334,-0.7060785202456091,0.11630405439722608,-0.5736543481211358,-0.8083372199147549,0.34685531013669985,0
B22_S07,batch_22,-0.8812657820412101,-1.5860863221331059,0.9959938858923065,-0.8139306809605278,0.4825672098570798,-0.512481662567748,1
B22_S08,batch_22,0.2626981916217046,-1.1273023717966746,-0.6210786407131381,1.4707586559363486,-1.92954736463913,2.7554253309965717,0
B22_S09,batch_22,0.17255734057732716,0.41736315041674155,-0.7246553926233679,0.5361795586631215,-0.43977632697500046,-0.025542710963325277,0
B22_S10,batch_22,-0.24394716126175797,-1.292113657644604,0.31521610973332953,0.921989489885193,-0.21125025535588027,-0.6091046809405383,1
B22_S11,batch_22,0.11670108006230182,-0.9477104434241631,-0.011461837613895298,0.5453884714040462,0.10498902598152615,0.5861078912122275,1
B22_S12,batch_22,1.3670233774605967,-0.5399448431971137,-0.7820676814544603,0.5229747526457749,-0.22725684460318976,0.8237825208670613,1
B22_S13,batch_22,0.25333250395804785,1.642134562945552,1.7547082685102944,1.4509166300323968,0.2063056777754041,-0.3401130333306906,0
B22_S14,batch_22,-0.7689617008244429,0.19033100470402134,0.19701743404977823,0.41549324932177223,-0.6187259832205746,1.1896950399502986,0
B22_S15,batch_22,-0.9580563013933023,-0.7848213424811813,0.7988352084019268,-0.45311089012176,-1.4819330929113308,-0.8197828101676228,0
B22_S16,batch_22,0.37208964751423546,-0.5199685859326972,1.7027584477156659,1.7421442898675894,-0.6311260232279721,0.631992254674101,1
B22_S17,batch_22,-0.9987350215012347,-0.3457655692321585,0.9959920750737781,0.2507345269706571,-1.1754560758120367,0.9777688455462372,0
B22_S18,batch_22,-0.24747094356147,0.6607647332171176,0.4367258427706517,0.5124377132838545,0.7122693271831569,-0.45029567976595214,0
B23_S01,batch_23,0.41132861625810196,-0.9151317005852886,-0.09511447916559398,-0.7269611952843467,-0.627342652894102,-0.3736633734902694,0
B23_S02,batch_23,3.346092443591087,1.9276159421014143,-0.2292709893398507,-1.5751784918694933,-0.7272479726895079,-1.110535673084376,1
B23_S03,batch_23,2.4071036737077947,0.06084264334704437,0.34389684543246385,-0.9584928095092937,0.10476080596121906,-1.0234281184398093,1
B23_S04,batch_23,-0.7769253482039171,1.322928172742575,0.050810043796471804,-1.037847136829623,-0.4861588482947033,0.10824188819680469,0
B23_S05,batch_23,1.1360935410322577,-0.38240366516123475,-0.8105149956850621,-0.800552295958814,-0.9054374533325482,-0.12992439528770938,1
B23_S06,batch_23,-0.24330352568060842,1.0798985674511723,-0.7336361862383639,-1.2639122168243804,1.0809791486097196,-0.0640521117756696,0
B23_S07,batch_23,1.0992714040711191,-0.42877886557419637,-0.026684115474184228,-1.0633936229328844,-1.3524098500589539,-1.4044310012567693,1
B23_S08,batch_23,-0.4706641273047525,0.9127901792877509,0.06384421518753167,-0.017052776601538255,-3.383063083185506,-1.0971379423223717,0
B23_S09,batch_23,-0.08010924931811281,0.4691316740566703,0.02430186615124244,-0.7089397343124567,1.3994510617526232,-0.8922999642430385,0
B23_S10,batch_23,0.20854638911484258,-0.9389940111450752,-0.005021837505530341,-0.8272537807479822,-0.8324980270842817,-1.655934605637912,1
B23_S11,batch_23,-0.3925952889738127,-0.6460448186094385,-0.9538164184900007,-2.5705784461389634,0.2760992848655733,-1.722554036697447,0
B23_S12,batch_23,0.12178672165297766,-1.252350192566226,0.04854905232887513,-0.4522576517003776,-0.050993479083496385,-1.2045009397286273,0
B23_S13,batch_23,1.2678194709267878,1.324850304846504,-0.13557953997500335,0.7920433982293913,-1.6077167247310993,-0.2954606802721548,1
B23_S14,batch_23,-0.5001488587908045,0.01008457642306898,-0.06158899612955229,-1.556327402749472,-0.18897069399416794,-2.0542423376145837,0
B23_S15,batch_23,0.8502785296966855,-1.8652232410577638,-1.3004268265542551,0.07100805712505986,1.1992051926276326,-1.0121469942202712,1
B23_S16,batch_23,-0.037274388929863345,0.7026751208501526,1.9895207065834328,-3.483818495177876,1.3216281980124402,-0.08137321361225669,0
B23_S17,batch_23,1.6627412460696704,-0.2819822585049548,0.10702722527420372,-2.9171234430286654,0.9501776971939231,-1.4643108736044317,0
B23_S18,batch_23,0.6479340240384782,1.1869519127808106,-0.8180416037588676,-1.7933700662601761,-0.2668551602671503,-0.9698835369556571,0
B24_S01,batch_24,-1.3484561375376236,0.45073801598552793,-0.4071512476800965,-1.1552808932428704,-1.412611491673748,0.036958086096728016,0
B24_S02,batch_24,-0.6031813514389333,0.25155933451731727,1.0719605810460644,0.4667090417815367,-0.6987844425086652,1.4352534399540162,1
B24_S03,batch_24,0.16289933004312185,0.19333877371232056,2.0578408351584985,-1.4259200708091262,1.4078619014126785,0.13788858902724935,1
B24_S04,batch_24,-1.6689859962625926,-0.608339527593785,3.202612898264621,-0.311607250487943,0.16155341626518194,-0.8764602544832157,1
B24_S05,batch_24,0.40492969921223754,0.9212100886574455,0.24502771968869136,-0.2640998711408441,-0.8091413936111501,-0.6008072158062595,1
B24_S06,batch_24,0.07767456144834523,1.3173929954066717,0.7747262724619852,-1.9410942956187767,-0.9135920068003762,-1.1720301131785966,1
B24_S07,batch_24,-0.8517281823190628,0.4989205738929548,0.7868578825019029,-0.9858277112955867,-0.6637200596840027,1.3962950179531837,0
B24_S08,batch_24,-0.8902799924864386,0.8327329416269496,0.6881756418109781,0.0940354617404835,0.15639998413406775,-1.0474120520076706,0
B24_S09,batch_24,-1.7109928540106556,-0.3125467580152458,1.1053320454364604,0.45465104451367166,-0.8544466960730401,-1.9779565579225213,0
B24_S10,batch_24,0.11889464807973249,1.2253366290265835,1.2840051042985805,0.3722345041772436,-0.46874765399971513,-1.129634127969788,1
B24_S11,batch_24,0.6276701904767209,0.9802498874351548,0.8814676617721428,-2.1913387509416506,0.047732999251289154,2.065126535864636,1
B24_S12,batch_24,0.5402062041992439,0.9644776628264833,2.059619882017172,-1.4427632503753776,-1.0663581697896105,-0.6719871124621816,1
B24_S13,batch_24,0.6239222946612154,0.23878084691361817,0.3716187972379563,-0.8847308187687379,-0.46119015462866575,-0.48410933558061153,1
B24_S14,batch_24,1.2094592151878025,0.9561246308968003,0.2926463434929759,0.16269361176431818,0.021954979636570005,0.0667260943271605,1
B24_S15,batch_24,-1.4086017101347674,2.5520582622843726,1.497568658659208,-2.050049523111762,-2.411906094350179,2.7208841319648456,0
B24_S16,batch_24,-0.8576697659671604,1.4773331004191297,0.27231788904966675,1.0429012133702464,0.7804843945869415,-0.7440494168344051,0
B24_S17,batch_24,-0.7547651043983107,1.28970525909936,1.929807305137068,1.1976369630237418,0.32304270545151115,0.3301945313680817,0
B24_S18,batch_24,0.1804474677429701,0.20184224244844545,0.9242603235025901,-0.03720048573987228,-1.401909650322787,-0.640955474497132,1
